<?xml version="1.0" encoding="UTF-8"?>
<!--
    Licensed Materials - Property of IBM
    5725-I43 (C) Copyright IBM Corp. 2011, 2013. All Rights Reserved.
    US Government Users Restricted Rights - Use, duplication or
    disclosure restricted by GSA ADP Schedule Contract with IBM Corp.
-->
<wl:adapter name="PMPAdapter"
	xmlns:xsi="http://www.w3.org/2001/XMLSchema-instance" 
	xmlns:wl="http://www.worklight.com/integration"
	xmlns:http="http://www.worklight.com/integration/http">

	<displayName>PMPAdapter</displayName>
	<description>PMPAdapter</description>
	<connectivity>
		<connectionPolicy xsi:type="http:HTTPConnectionPolicyType">
			<protocol>https</protocol>
			<domain>sydgsa.ibm.com</domain>
			<port>443</port>	
			<!-- Following properties used by adapter's key manager for choosing specific certificate from key store  
			<sslCertificateAlias></sslCertificateAlias> 
			<sslCertificatePassword></sslCertificatePassword>
			-->		
			 <authentication>
                <basic/>
                <serverIdentity>
                    <username>pracavai</username>
                    <password>!u8i9o0p</password>
                </serverIdentity>
            </authentication>  
		</connectionPolicy>
		<loadConstraints maxConcurrentConnectionsPerNode="2" />
	</connectivity>

	<procedure name="getCSVList"/>

<!-- 	<procedure name="getStoriesFiltered"/> -->
	
</wl:adapter>
